1	zz	zpg	zles	zip	zinsser	zinc	ziebart	zh	zft	ze	zc	yu	ysicianingst	ysician	youarc	york	yo	yk	yingdefattingcracking	yield
2	warmqu	protectiongogglesface	caissons	idprcl	sresp	low	cagebfgad	painful	hackberry	precautionsground	mediaany	areastraveling	showering	possibility	caue	scrubber	lp	seaboard	organic	cumene
3	protectionuse	wasthma	gas	aidskinrinse	arepresent	irrinauseavomitingdiarrhea	protectionundiluted	inhaledheadachedizzinessnausea	concresiver	hy	textnr	proceduresfull	temperature	boxcitycincinnati	idprimer	swallowing	supplies	contaminatied	waterfire	gaitconfusion
4	irritationrednesstearingblurred	proceduresfire	wfilter	glycol	soaking	crogenic	sumps	bhfjq	gardiner	wv	surfacesnever	autorities	regulationsreclaim	idelectrolyte	thing	bhfgz	chemnot	gateconfusionunconsciousness	apronother	ingst
5	vomitingcall	irritationskincauses	liability	butyl	mpas	addressth	weldwood	xea	dap	irritationcentral	laurel	overexposureswallowing	chemia	rcra	performing	retail	expand	remote	bu	exposuredamage
6	inhalationasphyxiationcardiac	chloroform	breath	mineral	skineyes	preservative	de	equipmentdepending	matrials	headachedrowsdizzexcitationexcess	hexamethylene	uncontaminated	ev	precaus	evaporatedfor	apronother	chroniceyesskin	cleanupuse	boxcitymiddleton	prolongrepeat
7	similar	reagent	diliberateconcentrating	flamesweldingopen	pointnr	idaerosol	harristown	lmtbuildup	bhfhk	vap	heatincinerate	lanser	glovesnone	phenol	discharge	butylphenyl	potable	heightenedmental	ineffecsb	cf
8	protct	monitoringuse	lipsmouth	cured	idacrylic	namecp	antoine	productsabove	namechemray	latex	skincentral	sandvermiculite	wunrestrict	hazardproducts	designedprotected	chronictarget	pecialist	union	linked	apronother
9	bhfdh	namenonhazardous	limitsnone	bhfql	practicesdetermine	person	equipmentmetatarsal	namenbutanol	containersall	beaten	beige	paracresol	aidinhal	suspended	bhfvb	destroy	airpurifying	productuse	odorpale	breathheadache
10	vomitevacuation	idprc	appreciable	namearlene	idgreat	pcr	ub	detect	mined	coordination	possiblework	boxcitybrooklyn	halon	heatvapr	skinno	avoidnk	ppmmgm	methodsreact	burnedcarbon	misused
11	release	bd	fissured	bhfjv	instructionsdont	concentrations	rinseaway	eatgdrinkgusing	effect	fatigue	ingredients	nameisobutyl	acute	precautionsnone	effects	equipmentto	anorexia	brthg	cntain	hwy
12	oxygenartificial	idx	chromate	environment	tight	washroomsmoke	contnr	kc	hazarddo	coveralls	neuropathy	pointc	include	gloveswork	possiblechronicdrying	bhfsf	environmen	andreturned	organicsolvents	reconditioner
13	respriator	residuesantirust	powdered	rapidly	painful	boxcitywaterford	csd	surface	courses	mgf	transported	sparks	code	absorbed	reqd	dilaurate	sanitary	apronother	nameholt	hospital
14	agentsodium	timeweighted	textdna	treat	practicesnone	bp	poisoncontorl	chronicmay	mediaas	specialized	pai	competent	boxcityschaumburg	phosphine	soap	vomitingkeep	anesthesia	procedurespersons	lesswater	precautionscompressed
15	protectionsplash	hedule	namesafety	tape	waternegl	dump	namesoybean	proceduresevacuate	idethane	apronother	pro	procbrthg	phmin	tofresh	flameclosed	nontoxic	motors	semipaste	aliphatic	namesenoret
16	namevaldes	properlylabeled	boxcityallentown	bein	painful	susceptibilities	nameethyl	wtrsee	unconsciousnesseven	sourceshandling	temperatureavoid	recom	grkg	fpnornl	emptydrum	sanitary	containeravoid	unopen	includingeuphoriaheadachedizzinessdrowinessfatiguetremorscon	weyes
17	fog	lx	bergen	governs	ects	mediawill	magazine	absorption	tallate	court	vaporsmistshndl	msds	spilleliminate	methodscontainerize	mediaspread	valveblow	osure	kx	bhfvl	review
18	initial	productspresence	iarcunknown	reditchburn	permitwet	scba	methodpmcc	talmagde	carcinogenicityno	ated	odoryellow	overexposurehas	swellingrednessrashdr	mats	odorthin	adverse	fully	particles	accumulate	facilitieslaunder
19	phneutrl	sourcesventilate	goggfcshield	shou	burnsin	protectionhelmetface	irritationskinallergic	aircoboc	hazardextremely	namestearic	waterif	degrs	boxcitybristol	proceduresproduct	formanual	respir	gloveswelding	disperseventilate	bhfnb	drive
20	maskparticulate	aidfacilities	possibleuse	chroniceyesskin	sidered	closedpoorly	hazardkeep	irritrdnesstearingblurred	holding	boxcitynorth	hazardousflammable	dunn	resuscitate	mediaall	toes	idm	explosivly	ability	namesilicone	tankcontainer
21	immd	dried	calcium	appearance	ethoxyethyl	resto	idgold	drink	bldgs	namezinsser	pressurizecutweldbrazesolderdrillgrindexpose	bhfvr	traffic	namenone	limestone	applicable	shaded	disposadispose	protectionspray	apronother
22	central	exempt	bhfxw	respiratrs	wwaterventilate	tree	bhfxv	weatherstrip	minus	gramsliter	solutiondonot	cooldrywell	precaus	acco	chevron	toms	monoxidedioxidenitrogen	aller	boxcityminneapolis	liquidcold
23	inhalationnasalrespiratory	methodsundiluted	ventilationprovide	drumcompletely	addresspo	fighgters	explo	securedprotect	bhfyg	grkg	volpat	furth	ii	nameaeropres	causee	oxygensodium	weyes	aidin	exposurenot	aireyeskinpromptlythoroughly
24	sampling	proceduressml	nameirving	buffalo	precaus	blem	cagee	conditns	nametertiary	temps	convulsions	sewer	susceptibilities	absence	aidees	areapump	wadequateventilation	attentiondo	sympathomimeticdrugsepinephrine	overexposurehigh
25	holdingeyelids	productssmoke	hazardoxidizer	compound	glovesnot	statewv	pelen	marble	lg	namehalogenated	namekentile	chemicals	constipation	fresh	polymerizationwill	dance	paintexterior	drowsinessdizzinessfati	mity	skinno
26	prepared	chico	conjuctiva	conceivably	namekarseal	pointcompressed	ap	trans	namegoal	milkdo	boxcitymarlborough	locquic	chroniceyesskin	precautionsstoragestore	fruity	lukewa	bhfyq	pression	natural	bhfcx
27	boxcitygretna	boxcityoklahoma	etching	unconsious	finishes	nameisopropyl	anticipated	dotdispose	wateringestioncall	precpartic	volumes	materialincinerate	sleeplessness	li	flameapplic	polymfailure	namedel	mixturenk	slmoh	densitynk
28	methodsdont	glovesindustrial	oper	voc	straw	swallowingcan	methodscan	kinchronicnone	oxidizingmaterial	precautionsproduct	polymerizationavoid	total	doesnt	blisterirritation	namewa	bhffy	eeded	storageuse	quanities	nameethoxyethyl
29	watercomplete	hazardsfumes	bhfhd	heat	proper	walking	bhfgy	idcarbon	exter	hearing	methodsmaterial	avoidslow	chronicworking	pulse	massage	aphysician	resinis	create	awaiting	heart
30	precautionsrecommended	referencehigh	lgt	adhesivemay	labs	verify	repeatedprolng	namealkyd	quietingestion	prescmmhg	eyes	oshiseh	breathggive	westinghouse	concentrating	single	overexposureinhalationheadachedizzinessstaggering	nonoxidizable	similarinert	occursget
31	disturbances	overexposurenone	cagemarti	tubereplace	paul	equipmentduring	citygreenville	oxidizerscaustics	treated	doors	namewr	st	mopabsorbent	streamspray	irritirritmay	contact	soapwarm	osha	dneys	asasthmatic
32	drinkcall	occursnotify	protectionsafetychemical	fargo	peroxides	variation	maximum	part	due	apronother	lukewa	proceduresmaterial	industries	bisphenola	numdistin	liqs	namelighthouse	drums	prodthermal	degradation
33	bhfvn	phnavai	precautionsdo	cylinderstore	lac	minutesseek	idacetoneacs	necessarykeep	posited	potw	ny	boxcitypalatine	ng	chem	approvedscba	medianonflamable	presfc	industrially	namedimethylptoluidine	wax
34	nametalc	desity	gateconfusionunconsciousnesscoma	lbsgal	acutechronic	exh	liqud	wa	drainssewers	equipmentapron	eyesmoderately	areassoak	beassociated	dache	act	nameglycidyloxynn	hempel	clsdcooldryventilated	milp	promptlythroughly
35	onby	odorformfluid	exposurenasalrespiratoryacute	epinephrine	api	bhfgq	exposurepreexisting	offeliminate	profes	namenew	trichloroethaneendotrachealesophageal	nameintex	artificialrespirationor	chronicwarning	resporatory	poisoncontrol	works	af	contacteyes	chemicalfoam
36	wmask	bh	namekutol	vomget	title	iron	andor	citymidwest	zinc	namesia	unconsciousnesseven	ingestndon	bhfrn	effectheadache	solvent	bq	agentmonionic	cityglendale	avoid	appearancenot
37	meacham	lighthouse	impared	reportable	relse	salivation	clothinglaunder	bhfdx	waterremove	sealed	careful	decompositn	professional	turns	gp	ingstingst	deliberately	ff	wammoniacal	emptied
38	white	dilute	bhfjs	waternegligiblereacts	avoidnone	information	statehi	excreted	mediasulfur	governmental	varian	ials	presnegl	dioxidfoam	boxcityridgefield	flamm	lichatowich	lightturn	distillate	ervous
39	waterdispersible	tonguefingertip	win	ids	inhalationremove	cageod	carbonateacgih	defined	textdf	franklin	overexposuresymptoms	ailments	anaerobic	chronicnot	medattn	areasvapors	precautionscomply	dba	protectionas	agentwcaapcoat
40	presmmhg	minimize	mountain	req	reno	gogface	trations	glovespolyethylene	bhfmc	wear	flushed	mixtureyes	rcranot	pelas	eatingor	giveanything	pky	spray	namepolyamid	drug
41	foamwater	ea	fedstatelocal	cfcontamination	wlarg	runof	preserve	airclsd	flambleexplosive	wskineyesbreathing	pointcf	cases	avoiduse	irri	productsnonthermal	methodsbury	milkdo	mice	nelson	ignitability
42	bulletins	headachesdizzinessnausea	cod	citymenlo	design	delport	require	prompt	eyelids	nameyankee	dymon	codearc	phy	inhaled	addressadams	wdirect	protcfrwear	maximize	skineyeingestnone	protectiondust
43	protectionimportantmust	soak	ligroine	area	frm	edical	presmmhgc	withabsorbent	precautionstraces	prolongrepeat	grkg	childeren	usekeep	bhfns	cement	whites	buildupauto	waterspray	weyes	aidin
44	nonspray	idsnapback	inirritation	base	cha	croceiling	boxcitymilford	addresshwy	aff	supply	underwater	mixtureodorless	generally	namefisher	pneumontis	extremely	considers	precautionswash	handsthoroughly	contaminants
45	disposed	material	phneut	norfolk	flamesif	uncon	controlspersonal	demonstrated	wliq	bhflz	personnel	mins	groundwater	agentna	chronicextensive	toxic	inorg	diking	sp	weyesski
46	ditertiary	explosion	citysyracuse	fish	movements	wexpo	fluoridehydrogen	tlv	nonessential	wwaterless	smokingopen	onfined	talbert	namebutoxyethanol	proceduresevaculate	fullface	cartridgetype	curecured	dilaurate	locquic
47	ventilationwhere	traces	wh	citysolon	rose	hcho	results	aspiration	damag	bhftf	coughburn	housekeeping	disorder	weakened	isolate	test	transfer	rm	cautionhot	alarge
48	freeze	inhaledrespiratory	stron	wactivated	operated	exposurefrostbite	consciousgive	wwtrfor	idcement	technology	volatility	alkyl	glovesinsulated	precsee	espirator	hazardoverexposure	cancause	ethylhexanoic	waterlaunder	absorbetn
49	controlled	chemfoamnfpa	lift	statesville	odorflamm	phthalate	monoxidedioxidebreathing	adapters	airtoxic	ll	boxcitydanbury	incompatibilities	atmsbefore	venting	systemicunknown	milkdo	assistancof	idmagnolia	precautionshazard	namea
50	cleanupeliminate	areaprotect	nameammonium	segreagateddo	statefl	flamesparksetc	permit	disc	chronicpart	methodcoc	nameresearch	abovecc	beavailable	disperse	precautionsstoragestore	precaus	arrhealoss	cityclarence	erless	skinprolongedrepeated
